{"cameraMode":{"drawMode":0,"name":"Shaded","section":"Shading Mode"},"sceneLighting":true,"audioPlay":false,"sceneViewState":{"showFog":true,"showMaterialUpdate":false,"showSkybox":true,"showFlares":true,"showImageEffects":true,"showParticleSystems":true,"showVisualEffectGraphs":true,"m_FxEnabled":true},"in2DMode":false,"pivot":{"x":0.43096452951431277,"y":-0.7065151333808899,"z":1.0683003664016724},"rotation":{"x":-0.20287436246871949,"y":-0.012634063139557839,"z":0.0026177826803177597,"w":-0.9791198372840881},"size":0.06705880165100098,"orthographic":false}