{"cameraMode":{"drawMode":0,"name":"Shaded","section":"Shading Mode"},"sceneLighting":true,"audioPlay":false,"sceneViewState":{"showFog":true,"showMaterialUpdate":false,"showSkybox":true,"showFlares":true,"showImageEffects":true,"showParticleSystems":true,"showVisualEffectGraphs":true,"m_FxEnabled":true},"in2DMode":false,"pivot":{"x":104.69747161865235,"y":4.9762091636657719,"z":68.05976104736328},"rotation":{"x":-0.20287436246871949,"y":-0.012634063139557839,"z":0.0026177826803177597,"w":-0.9791198372840881},"size":2.352301597595215,"orthographic":false}